time,flux,flux_err
1559.226561646843,,
1559.2469958463262,59057.246,8.170938
1559.2674301459847,59061.69,8.171692
1559.287864545753,59069.1,8.18032
1559.3082987456728,59067.812,8.17938
1559.3287330457097,59052.703,8.178501
1559.3491674458855,59065.75,8.178341
1559.3696016462127,59061.117,8.178916
1559.3900360466578,59071.402,8.18372
1559.4104703472403,59055.746,8.183903
1559.4309046479466,59075.156,8.1820545
1559.4513389487984,59051.14,8.17817
1559.4717732497593,59070.27,8.179356
1559.492207550873,59056.508,8.182629
1559.5126418521322,59059.08,8.180377
1559.5330761535006,59054.03,8.182054
1559.5535104550218,59076.35,8.185997
1559.5739447566593,59064.477,8.184112
1559.594379058406,59059.836,8.180751
1559.6148133603347,59067.406,8.182879
1559.6352476623797,59075.48,8.181298
1559.6556819645339,59052.89,8.185558
1559.6761163668416,59075.156,8.184995
1559.6965505692642,59064.79,8.185792
1559.7169848718258,59058.008,8.184495
1559.737419274541,59045.11,8.185976
1559.757853477342,59063.273,8.185639
1559.7782878803118,59050.28,8.183645
1559.7987221834046,59057.168,8.181287
1559.8191563866421,59058.25,8.18767
1559.8395907899612,59063.44,8.187135
1559.8600250934614,59060.96,8.184858
1559.8804592970773,59049.184,8.1882305
1559.900893700833,59062.91,8.182112
1559.9213280047115,59067.715,8.191379
1559.9417624087,59075.285,8.187786
1559.9621966128398,59055.125,8.188632
1559.9826309171258,59057.96,8.1911545
1560.0030653215217,59064.656,8.188898
1560.0234995260398,59053.65,8.189197
1560.0439338307042,59037.41,8.190803
1560.0643682354785,59061.832,8.189792
1560.084802440404,59052.14,8.188697
1560.1052368454766,59050.527,8.1897335
1560.1256711506285,59060.844,8.188628
1560.1461053559324,59044.49,8.189545
1560.1665397614124,59058.457,8.190551
1560.1869740669426,59051.695,8.188396
1560.207408272654,59071.914,8.188564
1560.2278426784833,59047.637,8.190767
1560.24827698445,59046.82,8.190907
1560.2687111905398,59061.297,8.190301
1560.2891455967765,59058.973,8.18972
1560.3095799030925,59057.85,8.190717
1560.3300142095613,59058.914,8.195298
1560.3504485161757,59049.75,8.189942
1560.3708828228991,59054.258,8.189448
1560.3913172297762,59058.363,8.188804
1560.411751436768,59061.457,8.192826
1560.43218574387,59053.99,8.192073
1560.4526201511253,59056.23,8.18856
1560.4730543585247,59067.957,8.192966
1560.4934887660056,59046.85,8.1903925
1560.5139230736386,59059.21,8.190656
1560.5343572814163,59059.727,8.193903
1560.5547916892756,59075.727,8.189214
1560.575225997316,59046.4,8.192283
1560.595660205443,59058.12,8.194244
1560.6160946137388,59046.816,8.190543
1560.6365289221285,59062.457,8.191379
1560.6569632306637,59044.664,8.192437
1560.677397539308,59049.17,8.196093
1560.697831848076,59068.867,8.194207
1560.7387004660413,59049.664,8.19412
1560.7591347751877,59050.184,8.193834
1560.7795691845022,59045.734,8.192019
1560.8000033939097,59066.527,8.195214
1560.8204377034635,59046.023,8.193744
1560.8408721131273,59076.06,8.189671
1560.9634779738117,59057.766,8.144548
1560.9839121843834,59049.453,8.194133
1561.004346595044,59062.26,8.199771
1561.024780905871,59046.617,8.193212
1561.0452153167935,59042.7,8.203108
1561.06564952786,59063.14,8.20229
1561.0860838390363,59042.58,8.193015
1561.1065182503662,59043.293,8.198009
1561.126952461811,59052.953,8.201468
1561.1473867733657,59100.438,8.201037
1561.1678211850449,59061.09,8.198332
1561.188255396868,59064.137,8.20301
1561.208689708801,59040.44,8.198921
1561.2291241208877,59055.207,8.199964
1561.2495583330601,59057.953,8.199436
1561.2699927453723,59048.72,8.199342
1561.2904270578074,59136.97,8.207017
1561.310861370388,59094.02,8.19959
1561.3312956830778,59068.41,8.203536
1561.3517299958912,59062.21,8.199056
1561.372164308821,59045.695,8.198902
1561.39259862186,59071.28,8.200188
1561.413032935081,59069.367,8.202946
1561.4334673483827,59048.918,8.198824
1561.4539015618066,59037.547,8.198158
1561.4743358753767,59076.1,8.197278
1561.4947701890633,59072.453,8.20204
1561.515204502859,59061.816,8.201191
1561.5356388167784,59054.254,8.1984825
1561.5560732308368,59030.453,8.195956
1561.5765074450173,59059.016,8.199333
1561.596941759315,59054.54,8.201931
1561.617376173759,59059.17,8.200812
1561.6378103882817,59055.58,8.199026
1561.6582448029585,59070.42,8.201871
1561.6786791177437,59079.39,8.203881
1561.699113332681,59060.88,8.1983185
1561.7195477477362,59056.29,8.1980505
1561.739982062878,59059.816,8.199831
1561.7604162781572,59048.88,8.201684
1561.7808506935908,59061.23,8.19924
1561.8012850091036,59053.223,8.202033
1561.82171942477,59036.52,8.197696
1561.8421536405513,59074.438,8.201023
1561.8625879564497,59048.168,8.200599
1561.883022372458,59055.562,8.196678
1561.9034565885886,59039.09,8.199839
1561.9238909048581,59058.484,8.199878
1561.944325321252,59058.39,8.200144
1561.964759537761,59069.062,8.200961
1561.985193854387,59055.812,8.200051
1562.005628271152,59049.92,8.200655
1562.026062588011,59056.03,8.201018
1562.046496905008,59054.68,8.1970215
1562.066931222129,59072.824,8.202015
1562.0873654393654,59071.23,8.201973
1562.1077998567125,59057.473,8.199579
1562.1282341742117,59056.797,8.20229
1562.1486683917974,59071.426,8.202951
1562.1691028095229,59060.56,8.201656
1562.1895371273713,59045.562,8.1989975
1562.2099715453369,59073.2,8.199995
1562.23040576341,59044.87,8.201664
1562.2508400816223,59057.008,8.201547
1562.2712744999517,59073.227,8.20239
1562.2917087183887,59051.38,8.201513
1562.3121430369647,59056.266,8.200368
1562.3325774556579,59064.457,8.2008295
1562.3530116744441,59052.266,8.200866
1562.3734460933993,59060.145,8.200989
1562.393880412441,59069.418,8.202205
1562.414314631591,59058.75,8.202184
1562.4347490508953,59043.51,8.202634
1562.4551833702862,59072.14,8.202525
1562.4756175898146,59056.72,8.201013
1562.4960520094683,59053.355,8.202788
1562.5164863292375,59061.06,8.20337
1562.536920649116,59065.883,8.202436
1562.557354969118,59032.29,8.201394
1562.5777892892365,59065.367,8.202932
1562.5982237094795,59053.46,8.201347
1562.6186579298446,59036.242,8.200822
1562.639092250327,59048.6,8.202655
1562.6595266709191,59057.406,8.201793
1562.6799609916343,59053.777,8.200666
1562.700395212465,59057.0,8.201204
1562.720829633421,59045.945,8.201185
1562.7412638544993,59063.27,8.202631
1562.761698275688,59052.82,8.20129
1562.7821325969999,59061.38,8.201562
1562.8025668184273,59042.26,8.201888
1562.8230012399727,59065.695,8.202613
1562.8434355616264,59044.582,8.203621
1562.8638697834176,59050.848,8.201492
1562.8843042053195,59050.336,8.202604
1562.9047385273298,59047.01,8.20292
1562.9251727494557,59047.94,8.20273
1562.9456071717286,59050.383,8.20142
1562.9660414940809,59050.926,8.203103
1562.9864759165866,59062.96,8.204143
1563.006910139171,59058.965,8.201983
1563.0273444619088,59057.203,8.203547
1563.0477788847493,59057.434,8.20375
1563.0682131077047,59059.242,8.203877
1563.0886474307554,59060.52,8.2026415
1563.1090818539597,59056.586,8.203217
1563.129516077257,59048.88,8.20346
1563.1499505006796,59046.875,8.203769
1563.1703848242323,59046.227,8.202902
1563.1908191478797,59045.723,8.20387
1563.2112534716507,59043.36,8.203884
1563.2316877955527,59056.793,8.203074
1563.2521221195348,59049.133,8.203276
1563.2725564436696,59062.09,8.203048
1563.2929907679063,59045.562,8.2029505
1563.3134250922521,59052.965,8.204136
1563.3338595167224,59059.14,8.203803
1563.3542937413076,59061.22,8.204597
1563.3747280660027,59050.72,8.204219
1563.3951623908215,59045.215,8.204462
1563.4155967157567,59050.984,8.204647
1563.4360311408018,59051.496,8.201856
1563.4564653659545,59051.043,8.203805
1563.4768996912244,59065.86,8.204675
1563.4973341166333,59060.312,8.203952
1563.5177683421352,59054.56,8.204202
1563.5382027677551,59053.84,8.20326
1563.5586370934834,59048.72,8.205195
1563.5790713193346,59049.16,8.204519
1563.5995057452965,59056.605,8.204183
1563.6199400713813,59048.15,8.203823
1563.6403742975817,59055.465,8.204418
1563.6608087239001,59058.363,8.204753
1563.6812430503123,59063.387,8.202809
1563.7221117034933,59048.83,8.204255
1563.742546030262,59046.504,8.203969
1563.762980457148,59044.21,8.202839
1563.7834146841487,59052.668,8.202538
1563.803849011245,59045.508,8.203853
1563.8242834384655,59071.773,8.205398
1563.8447177657945,59061.23,8.204489
1563.8651519932464,59049.55,8.202281
1563.8855864208163,59048.535,8.204865
1563.90602074848,59055.367,8.205391
1563.9264550762673,59050.99,8.203921
1563.946889404171,59062.527,8.204209
1563.967323732184,59052.668,8.20398
1563.987758060306,59045.875,8.203205
1564.0081923885446,59071.863,8.204656
1564.0286267168922,59051.68,8.204702
1564.0490610453635,59063.816,8.203263
1564.0694953739512,59040.387,8.202025
1564.0899298026343,59052.82,8.20333
1564.1103640314395,59043.836,8.203707
1564.1307983603474,59052.438,8.203834
1564.1512327893797,59052.367,8.204266
1564.171667018505,59048.336,8.200559
1564.1921013477622,59049.375,8.202103
1564.2125357771292,59050.926,8.2035
1564.2329700065893,59049.504,8.20442
1564.2534043361957,59051.973,8.203586
1564.2738387658828,59048.13,8.201869
1564.2942729956922,59052.48,8.203901
1564.3147074256194,59076.75,8.204623
1564.3351417556405,59063.29,8.204951
1564.3555759857845,59060.3,8.205775
1564.3760104160465,59061.434,8.20493
1564.3964447464168,59041.484,8.202198
1564.4168790768817,59054.44,8.203968
1564.437313407463,59057.16,8.204009
1564.457747738168,59036.367,8.20022
1564.478182168983,59071.633,8.20442
1564.4986164999136,59031.36,8.202408
1564.519050730938,59022.344,8.201821
1564.539485162073,59049.98,8.202352
1564.5599194933166,59051.26,8.202277
1564.5803537246684,59031.24,8.200352
1564.6007881561673,59053.508,8.203582
1564.6212224877381,59048.223,8.204631
1564.6416567194174,59058.348,8.202603
1564.6620911512364,59052.797,8.200203
1564.6825253831412,59053.613,8.202104
1564.7029598151566,59050.492,8.20267
1564.723394147295,59037.07,8.20247
1564.7438283795345,59060.637,8.202939
1564.7642628118847,59050.91,8.204035
1564.7846971443432,59058.523,8.203619
1564.8051313769029,59048.45,8.2024765
1564.8255658095732,59060.227,8.199998
1564.846000142381,59056.023,8.203975
1564.8664345752695,59071.375,8.204452
1564.8868688082657,59054.918,8.200966
1564.907303141379,59054.11,8.203032
1564.9277375746024,59064.957,8.199755
1564.9481718079332,59045.66,8.200183
1564.9686061413668,59042.82,8.20209
1564.9890405749247,59059.78,8.20296
1565.0094748085758,59040.473,8.201571
1565.029909142344,59064.176,8.203295
1565.050343576222,59042.582,8.198605
1565.070777910194,59044.58,8.203729
1565.0912122442824,59057.684,8.202533
1565.1116465784798,59055.754,8.20278
1565.132080912772,59054.81,8.199242
1565.152515247195,59050.133,8.20183
1565.1729495817126,59050.83,8.200167
1565.1933839163394,59054.75,8.201146
1565.2138183510688,59052.52,8.203174
1565.2342525859058,59062.51,8.202022
1565.254687020868,59055.77,8.20429
1565.2751213559313,59042.547,8.202607
1565.2955555910885,59032.15,8.20162
1565.3159900263563,59035.957,8.203084
1565.3364242617245,59057.023,8.202692
1565.3568585972025,59063.453,8.205105
1565.377293032805,59050.473,8.202332
1565.3977272685079,59046.945,8.202273
1565.4181616042915,59047.25,8.200878
1565.4385960402142,59057.87,8.2026005
1565.4590302762372,59072.395,8.203323
1565.4794647123563,59062.395,8.202246
1565.499899048591,59063.87,8.199867
1565.5203332849196,59053.574,8.201696
1565.5407677213589,59045.516,8.2024555
1565.5612020579138,59051.348,8.201853
1565.5816363945705,59061.414,8.203918
1565.6020707313219,59055.35,8.204521
1565.6225050681824,59052.38,8.2005625
1565.6429395051528,59057.31,8.202166
1565.6633737422308,59049.64,8.202043
1565.6838080794114,59050.457,8.203028
1565.7042425167092,59045.254,8.201473
1565.7246768540936,59056.098,8.201721
1565.7451110915863,59057.934,8.20309
1565.7655455291824,59050.242,8.202677
1565.7859798668942,59058.35,8.202082
1565.8064142047078,59039.387,8.202255
1565.8268485426306,59059.457,8.201699
1565.8472828806334,59044.508,8.200373
1565.867717318768,59044.06,8.20239
1565.8881515569883,59065.96,8.202829
1565.9085858953258,59048.945,8.200952
1565.9290203337732,59062.145,8.202978
1565.9494545722991,59059.07,8.20268
1565.9698889109495,59047.504,8.199141
1565.9903232497018,59045.414,8.200378
1566.0107575885559,59034.586,8.201925
1566.0311920275199,59038.203,8.198447
1566.0516262665697,59045.27,8.200571
1566.0720606057366,59050.723,8.203073
1566.0924950450062,59054.066,8.199707
1566.1129292843834,59032.883,8.201804
1566.1333636238487,59047.05,8.200742
1566.1537980634312,59053.316,8.1990795
1566.174232303114,59049.51,8.2006035
1566.1946667429002,59060.727,8.201942
1566.2151010827874,59029.293,8.200559
1566.2355353227686,59064.266,8.199984
1566.2559697628676,59041.543,8.200703
1566.2764041030678,59052.098,8.201657
1566.2968384433698,59054.69,8.199649
1566.3172727837664,59046.87,8.202155
1566.3377071242649,59049.17,8.201689
1566.3581414648725,59044.098,8.202046
1566.3785759055827,59050.176,8.201802
1566.3990101463933,59053.664,8.20165
1566.4194445873145,59045.723,8.201567
1566.439878928315,59042.387,8.200807
1566.4603131694312,59045.33,8.202454
1566.4807476106507,59047.594,8.202681
1566.5011819519714,59055.457,8.199867
1566.5216161933931,59036.047,8.199824
1566.5420506349183,59043.9,8.20174
1566.5624849765372,59056.996,8.200042
1566.5829193182653,59046.367,8.200252
1566.603353660088,59045.32,8.201244
1566.623787902019,59043.434,8.200491
1566.6442223440463,59033.363,8.198289
1566.6646566861818,59061.62,8.199909
1566.705525370744,59066.28,8.197122
1566.7259597131633,59040.76,8.199165
1566.746394055699,59042.258,8.20146
1566.7668283983367,59063.508,8.201927
1566.7872627410761,59035.703,8.199664
1566.807697183911,59043.53,8.198358
1566.8281314268315,59056.04,8.201298
1566.848565769862,59062.035,8.20179
1566.8690002130097,59048.926,8.20075
1566.889434556244,59046.656,8.199704
1566.9098687995793,59054.277,8.198956
1566.9303032430034,59045.535,8.20233
1566.9507375865433,59039.17,8.200332
1566.9711719301704,59044.15,8.200235
1566.9916062739067,59046.73,8.201139
1567.0120406177375,59056.15,8.201955
1567.032474961663,59037.367,8.1994915
1567.0529093056975,59044.074,8.201603
1567.073343649834,59056.668,8.199344
1567.0937780940658,59051.45,8.199438
1567.1142123383834,59035.652,8.201185
1567.134646782819,59054.965,8.200823
1567.155081127341,59050.195,8.202524
1567.1755153719641,59047.254,8.199887
1567.1959498166907,59051.137,8.201833
1567.2163841615038,59042.812,8.201806
1567.236818406418,59049.344,8.199129
1567.257252851443,59058.523,8.199443
1567.2776870965536,59051.918,8.199356
1567.2981214417669,59034.594,8.197616
1567.3185558870828,59050.508,8.200182
1567.3389901324845,59052.465,8.199423
1567.359424578004,59043.35,8.19879
1567.3798589236103,59036.465,8.20015
1567.4002931692958,59051.27,8.198316
1567.4207276151064,59047.312,8.200818
1567.441161961011,59038.457,8.199996
1567.4615963070028,59049.6,8.200432
1567.4820306530892,59049.734,8.198314
1567.5024649992847,59054.39,8.1978655
1567.5228994455756,59041.01,8.2021475
1567.5433336919523,59043.453,8.198283
1567.5637680384389,59039.57,8.199609
1567.5842024850135,59040.617,8.200328
1567.6046368316893,59041.73,8.201461
1567.6250710784589,59040.812,8.199633
1567.6455055253318,59043.85,8.199406
1567.6659398722913,59039.797,8.199589
1567.686374119352,59052.086,8.198977
1567.7068085665087,59058.977,8.2022085
1567.7272429137665,59051.227,8.202588
1567.7476773611124,59050.113,8.20041
1567.7681116085514,59048.72,8.200274
1567.788545956093,59062.0,8.198997
1567.8089804037372,59054.86,8.201521
1567.8294146514672,59058.24,8.202818
1567.8498489992926,59060.656,8.20283
1567.8702834472133,59043.28,8.20045
1567.8907176952343,59046.125,8.197995
1567.9111521433588,59056.39,8.201733
1567.9315863915544,59042.58,8.201516
1567.95202073986,59027.46,8.197488
1567.9724551882682,59054.54,8.202958
1567.9928894367622,59066.227,8.203839
1568.0133237853515,59031.305,8.200415
1568.0337582340362,59026.63,8.201538
1568.0541924828067,59052.23,8.200528
1568.074626831687,59032.78,8.196964
1568.0950612806628,59023.83,8.195597
1568.1154956297105,59047.49,8.19867
1568.1359299788746,59046.473,8.199306
1568.1563643281333,59039.34,8.200395
1568.176798677472,59046.594,8.201171
1568.1972330269127,59048.277,8.199787
1568.217667376448,59049.066,8.199961
1568.2381017260705,59039.934,8.200108
1568.2585361758029,59051.29,8.200355
1568.2789704256065,59037.168,8.200909
1568.2994048755208,59040.547,8.198865
1568.3198392255217,59058.324,8.200009
1568.3402734756164,59043.95,8.199014
1568.3607079258072,59048.996,8.198817
1568.3811422760919,59048.18,8.193738
1568.401576526463,59038.68,8.199082
1568.4220109769303,59046.285,8.197629
1568.4424453274987,59027.133,8.199577
1568.4628795781464,59042.83,8.20102
1568.4833140288902,59054.03,8.199454
1568.503748379735,59049.797,8.200388
1568.524182830668,59044.844,8.199912
1568.5446170816867,59023.047,8.197174
1568.5650513328073,59037.355,8.198512
1568.585485784024,59046.188,8.197386
1568.60592013532,59052.742,8.197096
1568.6263544867106,59058.18,8.199409
1568.6467888381958,59042.84,8.19781
1568.6672231897755,59045.1,8.200361
1568.687657641458,59040.984,8.19811
1568.7080918932115,59066.71,8.197535
1568.7285262450605,59060.535,8.19994
1568.748960697012,59044.35,8.19749
1568.769395049043,59046.72,8.198216
1568.7898293011676,59054.48,8.197106
1568.8102637533957,59031.75,8.199461
1568.830698105703,59053.16,8.201096
1568.851132458105,59044.375,8.1996155
1568.8715668106015,59054.71,8.198215
1568.892001163178,59038.96,8.198188
1568.9124356158572,59052.555,8.196959
1568.9328698686222,59025.203,8.197747
1568.9533042214753,59038.98,8.201393
1568.9737386744237,59033.027,8.196211
1568.9941729274578,59052.125,8.200886
1569.01460728058,59028.24,8.198008
1569.035041733805,59054.82,8.199467
1569.0554759871084,59045.96,8.199914
1569.0759104405079,59037.492,8.197657
1569.0963447940012,59041.617,8.197708
1569.1167790475738,59049.152,8.198738
1569.1372135012352,59049.14,8.200055
1569.1576478549978,59039.156,8.199552
1569.1780821088469,59045.83,8.198726
1569.1985165627848,59063.043,8.2002125
1569.2189508168012,59032.94,8.197645
1569.239385270921,59053.402,8.199964
1569.2598196251274,59050.74,8.198678
1569.2802538794203,59041.004,8.1987705
1569.300688333802,59055.324,8.200701
1569.3211226882704,59062.547,8.199984
1569.3415570428333,59042.387,8.198579
1569.3619913974908,59039.797,8.198424
1569.382425752221,59040.56,8.199459
1569.4028601070459,59060.27,8.1978
1569.4232944619653,59046.84,8.196881
1569.443728816972,59038.28,8.20008
1569.4641632720668,59043.13,8.197028
1569.4845976272409,59034.285,8.195984
1569.5050318825088,59031.598,8.198017
1569.5254663378728,59039.33,8.198268
1569.545900693316,59033.434,8.197613
1569.5663349488386,59042.336,8.198199
1569.5867694044719,59027.195,8.19772
1569.6072037601698,59039.945,8.197773
1569.6276382159704,59052.04,8.197785
1569.6480724718567,59046.57,8.197887
1569.688941283879,59034.883,8.198704
1569.7093755400274,59054.016,8.199171
1569.7298098962565,59059.39,8.198723
1569.7502443525882,59046.547,8.1997595
1569.7706786089839,59062.6,8.197675
1569.7911129654822,59051.367,8.197536
1569.8115474220613,59047.117,8.19703
1569.8319816787334,59044.76,8.1992235
1569.8524161354799,59039.004,8.200132
1569.8728503923194,59049.07,8.1976595
1569.893284749247,59044.523,8.1996975
1569.9137192062626,59044.887,8.199818
1569.9341534633568,59047.99,8.196078
1569.9545878205463,59050.754,8.197471
1569.9750222778166,59045.684,8.195862
1569.9954566351807,59026.95,8.197455
1570.0158909926176,59060.273,8.197289
1570.0363253501419,59050.914,8.196172
1570.0567597077606,59027.9,8.196303
1570.0771940654668,59053.09,8.200416
1570.0976284232383,59036.62,8.199585
1570.118062781119,59046.664,8.199558
1570.1384972390806,59030.754,8.198773
1570.158931497106,59043.586,8.199123
1570.1793659552422,59033.758,8.194053
1570.1998003134577,59044.945,8.1986685
1570.2202345717524,59046.496,8.19799
1570.2406690301286,59058.004,8.202552
1570.261103388606,59036.09,8.198884
1570.281537647148,59049.93,8.196989
1570.3019721057935,59044.35,8.197638
1570.3224064645037,59053.996,8.19827
1570.3428407233077,59031.645,8.194672
1570.3632751822006,59043.324,8.197398
1570.38370954118,59039.043,8.198623
1570.4041439002249,59036.176,8.197942
1570.4245782593716,59042.535,8.19707
1570.4450126185984,59022.207,8.198636
1570.465446977898,59048.68,8.194994
1570.485881337292,59043.32,8.1998005
1570.5063156967735,59040.18,8.1980295
1570.526750056335,59045.887,8.198486
1570.5471844159692,59062.316,8.1984825
1570.5676188756988,59038.203,8.196829
1570.588053135507,59044.08,8.19568
1570.6084874954104,59032.086,8.196634
1570.6289219553873,59023.78,8.197518
1570.6493563154436,59056.01,8.198688
1570.6697905755864,59053.195,8.197658
1570.6902250358035,59048.254,8.195914
1570.7106593961144,59059.13,8.196275
1570.7310936565045,59046.9,8.198698
1570.7515281169835,59040.812,8.198515
1570.7719624775345,59038.75,8.195896
1570.792396938181,59049.19,8.19702
1570.8128311988912,59038.78,8.196978
1570.8332655596969,59038.832,8.197257
1570.8537000205833,59050.797,8.196466
1570.8741342815483,59038.6,8.19448
1570.894568642594,59046.914,8.196342
1570.9150031037207,59054.875,8.197768
1570.9354373649257,59048.906,8.1952305
1570.955871826227,59038.555,8.196065
1570.9763061876074,59047.633,8.196609
1570.9967404490599,59033.254,8.194964
1571.017174910594,59042.652,8.197585
1571.0376092722217,59045.17,8.198715
1571.0580435339143,59045.266,8.195855
1571.0784779956957,59055.164,8.196017
1571.0989123575637,59033.555,8.196387
1571.1193466194964,59042.043,8.195004
1571.1397810815179,59030.9,8.194903
1571.1602154436332,59066.113,8.196534
1571.180649805814,59050.473,8.196035
1571.2010841680822,59026.664,8.195084
1571.221518530423,59012.03,8.195857
1571.241952892844,59058.613,8.198983
1571.2623872553595,59049.55,8.195501
1571.2828216179405,59046.52,8.194947
1571.3032559806015,59034.91,8.1937685
1571.3236903433572,59047.293,8.197066
1571.3441248061936,59057.438,8.195466
1571.3645591690874,59047.977,8.195762
1571.3849934320751,59032.17,8.196202
1571.405427895137,59048.516,8.195727
1571.4258622582784,59031.83,8.195012
1571.4462965215062,59028.883,8.194947
1571.4667309848155,59032.22,8.197031
1571.4871653481969,59032.527,8.197341
1571.5075996116502,59044.285,8.196349
1571.5280340751924,59046.066,8.197803
1571.5484684388211,59034.25,8.196287
1571.5689029025234,59046.2,8.197943
1571.589337166297,59050.77,8.196466
1571.6097715301512,59046.23,8.198477
1571.6302059940936,59043.26,8.198624
1571.6506402580926,59039.4,8.198729
1571.671074622187,59039.586,8.198022
1571.6915090863622,59048.227,8.198412
1571.711943350616,59042.348,8.196894
1571.7323778149366,59050.68,8.19725
1571.752812179344,59051.9,8.196391
1571.7732464438159,59039.23,8.196045
1571.7936809083767,59057.645,8.198331
1571.814115273024,59042.242,8.197131
1571.8345495377362,59037.785,8.197518
1571.8549840025225,59034.766,8.196055
1571.8754183673955,59033.09,8.196492
1571.8958526323404,59038.266,8.196694
1571.9162870973742,59030.164,8.195164
1571.9367214624726,59043.223,8.197943
1571.957155927652,59030.223,8.195855
1571.9775901929097,59041.836,8.196159
1571.9980245582337,59047.91,8.196012
1572.0184590236458,59040.434,8.194887
1572.0388932891365,59042.184,8.194262
1572.0593276547006,59032.15,8.196128
1572.0797621203383,59031.188,8.193124
1572.1001963860544,59060.473,8.197539
1572.1206308518522,59025.94,8.195706
1572.1410652177146,59052.645,8.196406
1572.1614994836564,59038.375,8.193803
1572.181933949687,59054.566,8.19885
1572.2023683157822,59052.02,8.190848
1572.2228025819568,59047.043,8.193766
1572.2432370482056,59033.508,8.195732
1572.2636714145337,59045.38,8.197408
1572.2841057809273,59044.516,8.195158
1572.3045401474083,59045.746,8.197207
1572.32497451394,59029.336,8.194992
1572.3454088805665,59047.504,8.193531
1572.3658432472803,59046.152,8.196245
1572.386277614045,59042.375,8.1936035
1572.4067119809042,59034.434,8.194604
1572.4271463478362,59050.75,8.194529
1572.4475807148337,59045.566,8.196773
1572.4680150819113,59052.082,8.19708
1572.4884494490616,59032.184,8.192696
1572.5088839162927,59037.246,8.1952715
1572.5293182835885,59053.863,8.195072
1572.5497525509563,59028.266,8.194822
1572.5701870184057,59037.492,8.194338
1572.5906213859344,59048.875,8.193777
1572.611055653535,59028.625,8.195
1572.631490121188,59049.152,8.194392
1572.6723587567685,59051.18,8.194971
1572.6927932246545,59048.24,8.197299
1572.7132275926342,59046.996,8.196882
1572.7336620606657,59050.527,8.201356
1572.754096328761,59030.137,8.197254
1572.7745306969591,59043.664,8.196453
1572.7949651652234,59036.023,8.196369
1572.8153994335516,59046.387,8.195578
1572.8358338019534,59044.875,8.19842
1572.856268270436,59050.688,8.195129
1572.8767025389825,59046.215,8.1971855
1572.8971370076179,59039.52,8.19686
1572.917571376318,59034.39,8.198867
1572.9380056450827,59038.42,8.194586
1572.9584401139218,59023.727,8.19722
1572.9788744828402,59051.574,8.198533
1572.999308851824,59038.723,8.199385
1573.0197432208952,59034.566,8.198618
1573.0401775900173,59038.72,8.199069
1573.0606118592332,59034.25,8.197123
1573.0810463285088,59048.402,8.197895
1573.1014806978492,59041.13,8.195878
1573.1219150672696,59039.035,8.196848
1573.1423494367627,59033.29,8.197712
1573.1627838063214,59035.402,8.195653
1573.1832182759754,59036.367,8.197105
1573.2036525456715,59022.266,8.195762
1573.2240869154484,59040.86,8.194928
1573.2445213853061,59034.31,8.195908
1573.2649556552205,59032.383,8.19576
1573.285390125202,59034.945,8.19531
1573.3058244952772,59041.31,8.197736
1573.3262587653953,59046.24,8.196037
1573.3466932356096,59027.1,8.195237
1573.3671276058885,59046.484,8.194603
1573.387561876225,59042.535,8.195852
1573.407996346643,59039.633,8.194307
1573.4284307171256,59015.348,8.19491
1573.4488649876803,59026.074,8.194652
1573.469299458302,59031.332,8.1951685
1573.489733829003,59031.367,8.194608
1573.5101682997774,59019.55,8.194863
1573.5306025706013,59048.668,8.194379
1573.551036941506,59030.746,8.193083
1573.5714714124915,59041.777,8.194057
1573.591905683541,59036.113,8.193934
1573.6123400546494,59041.73,8.19422
1573.632774525846,59029.477,8.194593
1573.6532088970926,59048.94,8.194087
1573.6736432684193,59035.402,8.194762
1573.694077639797,59029.78,8.193505
1573.7145119112538,59039.074,8.194827
1573.7349463827995,59054.64,8.194795
1573.7553807544027,59045.785,8.195122
1573.775815026056,59036.65,8.194995
1573.7962494978055,59046.254,8.194205
1573.8166838696052,59040.492,8.19353
1573.8371181414695,59020.258,8.193266
1573.8575526134227,59041.848,8.195035
1573.877986985426,59038.17,8.19569
1573.8984214575248,59047.125,8.192885
1573.9188557296802,59036.7,8.193685
1573.9392901018873,59041.004,8.193557
1573.9597245741606,59039.574,8.195813
1573.9801588465198,59038.605,8.193689
1574.0005932189306,59041.77,8.194299
1574.0210276914368,59042.2,8.19399
1574.041461963985,59043.227,8.194623
1574.0618964366004,59043.17,8.194842
1574.082330809295,59044.41,8.194777
1574.1027650820615,59035.023,8.195089
1574.1231995548806,59027.355,8.19283
1574.1436339277643,59033.72,8.19436
1574.1640683007354,59042.973,8.194796
1574.1845026737574,59035.52,8.193228
1574.2049370468449,59046.332,8.19417
1574.2253714200197,59044.875,8.193573
1574.2458057932308,59039.152,8.193659
1574.266240166522,59027.51,8.192698
1574.286674539886,59030.156,8.192687
1574.3071090133162,59044.31,8.194775
1574.3275432868104,59031.41,8.193358
1574.3479776603635,59041.043,8.193841
1574.3684120339822,59043.434,8.193837
1574.3888464076663,59034.332,8.192641
1574.4092808814312,59040.793,8.194366
1574.42971515526,59051.645,8.19253
1574.450149629134,59059.44,8.195169
1574.4705840030947,59043.625,8.19355
1574.4910182771055,59043.375,8.193498
1574.5114527512123,59037.473,8.1933155
1574.5318871253403,59055.586,8.194996
1574.552321399562,59026.453,8.194397
1574.5727558738436,59043.96,8.194848
1574.593190248197,59039.668,8.19489
1574.6136247226168,59048.31,8.195265
1574.634058997086,59039.855,8.192892
1574.6544933716214,59028.93,8.193658
1574.6749278462376,59044.105,8.193081
1574.6953621208959,59028.125,8.193075
1574.7157964956277,59062.97,8.195062
1574.7362309704404,59037.055,8.194783
1574.7566652452879,59033.83,8.1960335
1574.7770996202307,59016.438,8.191748
1574.7975340952253,59029.91,8.191453
1574.8179684702773,59048.766,8.1947565
1574.8384028453947,59045.516,8.192674
1574.8588372205777,59029.086,8.192395
1574.8792715958189,59030.812,8.192937
1574.89970597114,59030.754,8.1953335
1574.9201403465268,59038.57,8.195503
1574.940574721957,59029.59,8.194459
1574.961009097453,59041.08,8.193425
1574.9814434730288,59021.832,8.190594
1575.0018778486483,59039.3,8.193084
1575.0223122243478,59048.113,8.193256
1575.0427466001129,59035.84,8.194396
1575.0631810759223,59041.75,8.194038
1575.0836153517957,59038.418,8.193549
1575.10404972775,59019.945,8.191615
1575.1244842037486,59039.49,8.192016
1575.1449184798257,59030.047,8.192611
1575.1653528559546,59052.348,8.195045
1575.1857873321424,59038.117,8.193864
1575.2062216083941,59025.707,8.193314
1575.2266560847274,59029.47,8.192945
1575.2470904611037,59053.617,8.192956
1575.2675247375446,59036.855,8.193197
1575.287959214067,59029.824,8.191349
1575.308393590618,59029.758,8.192411
1575.328827867248,59055.79,8.192759
1575.3492623439452,59038.004,8.192116
1575.3696967206997,59040.08,8.191899
1575.390131197506,59025.09,8.190637
1575.4105654743762,59055.547,8.1923275
1575.4309998513345,59045.934,8.193672
1575.4514343283154,59042.973,8.191243
1575.471868705361,59037.445,8.193384
1575.4923029824931,59049.5,8.188325
1575.5127374596777,59020.113,8.191183
1575.533171836927,59041.29,8.19409
1575.5536061142338,59048.35,8.193809
1575.574040591593,59046.758,8.191563
1575.594474969017,59042.395,8.193095
1575.614909346492,59038.793,8.192462
1575.65577800163,59022.605,8.190683
1575.6762124793167,59030.11,8.192715
1575.6966468570245,59038.867,8.19295
1575.717081134826,59033.55,8.191378
1575.737515612651,59024.145,8.191724
1575.7579499905696,59032.98,8.191557
1575.7783844685473,59038.72,8.191407
1575.7988187465526,59033.98,8.1909075
1575.8192531246386,59053.81,8.194259
1575.839687602791,59038.094,8.191104
1575.8601218809636,59037.312,8.189439
1575.8805562592606,59034.746,8.193028
1575.9009907375585,59034.574,8.190668
1575.921425015942,59050.47,8.196216
1575.9418593943774,59015.63,8.191482
1575.962293872879,59035.86,8.192139
1575.98272815143,59047.65,8.191849
1576.0031626300479,59046.402,8.193527
1576.0235970087233,59044.598,8.192939
1576.0440313874788,59026.59,8.192346
1576.0644657662415,59036.734,8.191892
1576.0849001451206,59035.766,8.19228
1576.1053345240216,59039.387,8.194339
1576.125768902988,59042.34,8.193845
1576.1462032820127,59036.65,8.19156
1576.1666376610883,59051.188,8.192213
1576.1870721402302,59044.152,8.193817
1576.2075064194287,59038.875,8.193114
1576.2279408986797,59039.074,8.191938
1576.2483752779954,59041.55,8.192449
1576.2688095573685,59043.03,8.193172
1576.2892440367941,59039.473,8.193738
1576.3096783162837,59031.09,8.191992
1576.3301126958322,59037.4,8.191024
1576.3505471754033,59042.207,8.190834
1576.3709814550675,,
1576.3914159347914,59038.688,8.191268
1576.4118503145655,59039.19,8.190998
1576.4322845944043,59033.945,8.19164
1576.4527190742738,59031.77,8.19225
1576.4731534541934,59052.074,8.1923685
1576.4935877342068,59016.55,8.1899395
1576.51402221428,59031.008,8.189884
1576.5344565943742,59037.96,8.191221
1576.554890974534,59052.875,8.190286
1576.5753253547737,59033.53,8.1906185
1576.5957597350498,59054.348,8.190689
1576.616194215385,59025.55,8.188754
1576.6366284957767,59031.14,8.191172
1576.6570628762202,59027.562,8.1891
1576.6774973567299,59034.2,8.189614
1576.6979317372607,59036.848,8.18982
1576.7183660178853,59051.395,8.191234
1576.7388004985696,59016.53,8.189127
1576.759234879275,59023.273,8.189337
1576.779669260046,59053.996,8.191037
1576.8001036409041,59050.418,8.191383
1576.820538021755,59075.46,8.199987
1576.8409725027304,59037.7,8.189864
1576.8614067837043,59040.883,8.190964
1576.881841164759,59031.586,8.191394
1576.9022756458799,59036.465,8.190393
1576.9227099270283,59042.07,8.1887665
1576.9431443082576,59041.613,8.188702
1576.9635786895233,59044.26,8.190803
1576.9840130708471,59041.406,8.190985
1577.0044475522518,59042.76,8.18853
1577.0248818336622,59052.438,8.188691
1577.0453162151607,59037.457,8.19016
1577.0657506966818,59027.832,8.191107
1577.086184978296,59041.785,8.189568
1577.10661935994,59026.35,8.191324
1577.1270538416356,59042.63,8.19321
1577.1474881233953,59049.473,8.189799
1577.1679226052147,59041.54,8.193059
1577.1883569870843,59027.68,8.189105
1577.2087912689894,59034.492,8.1914
1577.2292257509544,59051.99,8.18993
1577.2496601329985,59047.9,8.187351
1577.27009451505,59059.56,8.189178
1577.2905288971888,59040.53,8.18871
1577.3109632793494,59036.234,8.190327
1577.3313976616046,59049.17,8.187532
1577.3518321438896,59033.176,8.188051
1577.372266426224,59034.48,8.189663
1577.3927009086256,59038.26,8.189454
1577.4131352910772,59038.055,8.188722
1577.4335695735645,59036.7,8.189133
1577.4540040561114,59043.88,8.190159
1577.4744384387159,59046.094,8.190409
1577.4948727213414,59041.402,8.189788
1577.515307204063,59052.652,8.18761
1577.5357415868057,59053.523,8.188221
1577.5561759696138,59035.9,8.187073
1577.5766103524802,59049.79,8.190076
1577.597044635375,59048.332,8.192363
1577.6174791183512,59049.58,8.190785
1577.637913501363,59030.598,8.188332
1577.6583477844324,59048.18,8.184652
1577.678782267525,59037.21,8.188588
1577.6992166507116,59055.02,8.190121
1577.7196510339272,59040.53,8.186656
1577.7400854171938,59041.445,8.188265
1577.7605198004967,59055.598,8.185637
1577.7809542838804,59039.492,8.187724
1577.801388567299,59033.234,8.190168
1577.8218229507765,59034.74,8.185231
1577.8422574342767,59038.4,8.185615
1577.8626918178707,59048.62,8.185205
1577.883126101493,59046.055,8.185142
1577.9035605851677,59036.195,8.190096
1577.923994968878,59046.707,8.1919565
1577.9444293526467,59048.29,8.190129
1577.9648637364662,59037.332,8.186917
1577.9852981203512,59046.78,8.186308
1578.0057325042653,59048.633,8.186295
1578.0261668882304,59038.43,8.187932
1578.046601272261,59048.375,8.184977
1578.0670357563213,59049.332,8.189577
1578.087470040431,59036.977,8.184843
1578.107904424607,59034.65,8.18953
1578.128338908813,59046.742,8.190581
1578.1487731930974,59045.336,8.1877985
1578.1692076773907,59062.508,8.189601
1578.1896420617704,59052.113,8.187389
1578.2100763461713,59039.035,8.187733
1578.230510830639,59027.14,8.187068
1578.2509451151345,59053.562,8.186779
1578.2713794997107,59063.895,8.186603
1578.291813984295,59041.375,8.187963
1578.312248268965,59038.7,8.186252
1578.3326827536584,59043.355,8.188057
1578.3531171384166,59041.598,8.184646
1578.373551423203,59056.098,8.186254
1578.393985908042,59054.47,8.189854
1578.4144202929456,59045.99,8.187265
1578.4348546778783,59045.137,8.18903
1578.455289062862,59028.387,8.185733
1578.4757234479112,59056.953,8.188475
1578.4961578330185,59052.707,8.187108
1578.5165922181186,59058.293,8.185287
1578.5370266033133,59038.152,8.186088
1578.5574610885378,59052.17,8.185436
1578.5778954738125,59046.27,8.187609
1578.5983297591229,59030.863,8.18424
1578.6391986299132,59049.305,8.185957
1578.659632915369,59038.68,8.181739
1578.6800674008846,59028.32,8.18573
1578.7005017864212,59026.023,8.185753
1578.7209360720226,59038.055,8.185775
1578.7413705576473,59044.555,8.186178
1578.7618049433368,59046.44,8.187879
1578.7822394290852,59042.277,8.186794
1578.8026737148903,59032.26,8.182984
1578.8231081006888,59046.285,8.182221
1578.8435425865828,59042.207,8.184624
1578.863976872497,59032.395,8.184286
1578.8844112584775,59042.203,8.188792
1578.904845644487,59055.85,8.186604
1578.9252800305258,59045.95,8.182778
1578.9457145166452,59056.6,8.186485
1578.9661488027996,59050.57,8.185897
1578.9865831889765,59060.5,8.188405
1579.0070176752197,59035.96,8.184711
1579.0274519615195,59042.594,8.185874
1579.047886347842,59031.32,8.186685
1579.0683208342307,59031.844,8.185956
1579.0887552206186,59044.39,8.181103
1579.1091895070858,59047.156,8.185334
1579.129623993591,59045.664,8.185256
1579.1500583801535,59034.75,8.184444
1579.1704927667379,59051.207,8.184637
1579.1909271533877,59043.47,8.185898
1579.2113615400667,59046.55,8.186201
1579.2317960267974,59044.105,8.18223
1579.252230313563,59029.426,8.184931
1579.2726647003874,59036.793,8.1865635
1579.2930991872636,59029.004,8.181606
1579.3135334741455,59057.52,8.184783
1579.33396796108,59053.312,8.18194
1579.354402348079,59034.742,8.183654
1579.3748366351356,59048.35,8.178848
1579.3952711221937,59040.812,8.184155
1579.415705509331,59041.598,8.185267
1579.436139796475,59035.594,8.185156
1579.4565742837003,59031.773,8.180543
1579.4770086709614,59030.383,8.181319
1579.4974429582217,59044.176,8.182211
1579.5178774455708,59035.297,8.1841755
1579.5383117329402,59037.35,8.182357
1579.5587462203766,59039.3,8.184204
1579.5791806078341,59043.016,8.181643
1579.599614995328,59050.33,8.185124
1579.62004938288,59038.01,8.182051
1579.6404837704904,59042.402,8.185537
1579.6609181580934,59039.4,8.182803
1579.681352545791,59054.207,8.183486
1579.7017869334813,59050.55,8.183893
1579.722221421267,59052.438,8.182583
1579.742655809052,59037.51,8.183596
1579.7630900968943,59043.73,8.185658
1579.7835245847891,59043.47,8.183184
1579.8039589727196,59031.87,8.184579
1579.824393260671,59043.92,8.18177
1579.8448277486896,59026.24,8.180686
1579.8652621367364,59043.984,8.184077
1579.8856964248116,59042.68,8.181706
1579.9061309129393,59044.035,8.187006
1579.9265653011316,59041.4,8.184421
1579.9469997893175,59054.9,8.186643
1579.9674340775964,59034.113,8.18699
1579.987868465876,59051.906,8.187286
1580.0083029542075,59057.816,8.186498
1580.0287372426028,59037.4,8.186471
1580.049171630999,59015.137,8.184843
1580.0696061194467,59029.94,8.186627
1580.0900404079584,59054.453,8.183063
1580.1104747965,59038.258,8.18694
1580.1309092850643,59029.316,8.185471
1580.1513435736633,59057.746,8.185228
1580.1717780623512,59038.77,8.185821
1580.1922123510303,59025.66,8.185413
1580.2126467397466,59046.598,8.187169
1580.2330812285509,59028.113,8.1867895
1580.2535155173464,59028.863,8.185758
1580.2739499062081,59041.43,8.1854725
1580.2943843950998,59057.88,8.182235
1580.3148187840125,59037.53,8.183461
1580.3352531730197,59045.97,8.181815
1580.355687562027,59039.336,8.1835785
1580.3761219510561,59053.715,8.186201
1580.3965563401507,59050.902,8.186215
1580.4169907292744,59036.695,8.184889
1580.437425118449,59041.17,8.18674
1580.4578596076317,59038.55,8.185332
1580.478293896871,59027.05,8.184477
1580.498728286162,59035.215,8.186612
1580.5191627754903,59034.29,8.187339
1580.539597064817,59043.98,8.185163
1580.5600315542251,59039.746,8.184391
1580.580465943669,59034.844,8.184653
1580.600900233112,59047.03,8.184153
1580.6213347226367,59042.85,8.185848
1580.6417691121678,59036.105,8.182405
1580.6622034017564,59031.24,8.184814
1580.6826378913975,59056.73,8.184256
1580.703072281045,59040.137,8.182134
1580.7235067707443,59043.69,8.184664
1580.7439410604493,59042.176,8.181192
1580.7643754502424,59051.188,8.184335
1580.784809940029,59025.4,8.183055
1580.8052442298795,59037.957,8.183637
1580.825678619789,59035.496,8.1844425
1580.8461130096985,59037.758,8.183346
1580.8665473996298,59026.55,8.183239
1580.8869817896266,59035.875,8.184914
1580.9074161796452,59037.734,8.183806
1580.9278505697293,59042.34,8.182269
1580.9482850598142,59044.78,8.182965
1580.9687194499493,59030.582,8.185204
1580.98915374012,59026.617,8.183866
1581.0095882303212,59049.266,8.185044
1581.0300226205727,59043.566,8.184139
1581.0504569108598,59053.92,8.185558
1581.0708914011775,59055.094,8.187394
1581.0913257915163,59039.457,8.187557
1581.1117602819213,59038.63,8.187406
1581.1321945723248,59048.45,8.185155
1581.15262896278,59021.082,8.184923
1581.1730634532723,59036.484,8.184127
1581.1934977438214,59034.266,8.185047
1581.2139321343639,59048.652,8.189072
1581.2343666249726,59038.824,8.185264
1581.254800915609,59040.75,8.184925
1581.2752353062679,59029.38,8.18706
1581.295669796964,59049.58,8.18372
1581.3161040876876,59032.43,8.186104
1581.3365385784928,59068.543,8.184198
1581.3569729693045,59055.746,8.188484
1581.3774073601162,59037.94,8.184783
1581.397841751008,59055.656,8.187181
1581.418276141907,59032.723,8.184887
1581.4387105328642,59042.13,8.186664
1581.4591449238142,59038.34,8.18448
1581.4795793148296,59045.574,8.186106
1581.5000137059033,59043.15,8.186203
1581.5204480969405,59040.207,8.185696
1581.5408824880724,59046.59,8.18652
1581.5613168792042,59039.99,8.184553
1581.581751270387,59046.1,8.174884
1586.8333837468817,59043.047,8.126002
1586.8538182436314,59052.76,8.088119
1586.8742525403213,59050.277,8.107056
1586.894687037122,59044.105,8.116646
1586.9151214338708,59020.113,8.112796
1586.935555730619,59053.49,8.116619
1586.9559902273613,59050.816,8.104888
1586.9764246241684,59021.21,8.114294
1586.9968590209173,59048.07,8.11618
1587.0172934177172,59030.105,8.117616
1587.0377278145243,59038.957,8.124846
1587.0581623113903,59042.215,8.1132765
1587.0785967081902,59051.21,8.116709
1587.0990310049965,59036.258,8.119177
1587.1194655018626,59043.797,8.123234
1587.1398998987206,59043.867,8.122021
1587.1603341955852,59033.594,8.124133
1587.1807686924512,59035.883,8.125616
1587.2012030893093,59046.53,8.124171
1587.2216374861746,59032.13,8.122596
1587.242071883098,59029.438,8.129569
1587.2625061799554,59067.61,8.135258
1587.2829406768797,59056.133,8.1352005
1587.3033750738032,59044.492,8.133203
1587.3238093707187,59040.457,8.138055
1587.344243867643,59050.71,8.130711
1587.3646782645665,59042.5,8.135848
1587.3851127615417,59053.176,8.138626
1587.4055470584644,59039.492,8.136404
1587.4259814554462,59035.027,8.148034
1587.4464159524214,59035.555,8.14423
1587.4668502494023,59046.344,8.147088
1587.5077191433593,59048.992,8.146024
1587.5281534403402,59044.375,8.151377
1587.5485879373155,59032.58,8.1492
1587.5690223343554,59031.766,8.151013
1587.5894567313371,59039.23,8.149353
1587.6098911283698,59045.89,8.146335
1587.6303255254097,59030.188,8.154029
1587.6507599223914,59024.875,8.153151
1587.671194319424,59040.434,8.155927
1587.6916287165222,59044.61,8.156338
1587.712063213563,59046.285,8.160229
1587.7324975105948,59037.973,8.161617
1587.7529319076348,59049.055,8.16107
1587.7733664047337,59036.76,8.159863
1587.7938008017663,59056.543,8.161774
1587.8142350988637,59036.84,8.165866
1587.8346695959626,59058.844,8.162552
1587.8551038930527,59036.54,8.161645
1587.8755383901516,59052.664,8.166046
1587.8959727872498,59039.12,8.163272
1587.9164070843399,59044.438,8.164221
1587.9368415814388,59030.45,8.166476
1587.957275978537,59033.08,8.165813
1587.977710275627,59034.773,8.166741
1587.9981447727841,59044.598,8.169759
1588.0185791698823,59045.094,8.170603
1588.0390134670306,59054.37,8.171267
1588.0594479641877,59045.074,8.171696
1588.0798823612859,59029.707,8.171355
1588.1003168584357,59032.656,8.170548
1588.1207511555913,59043.0,8.172748
1588.1411855527476,59056.344,8.172746
1588.1616200498975,59041.6,8.174646
1588.182054347053,59048.2,8.174702
1588.2024887442094,59037.242,8.173623
1588.2229232413592,59040.258,8.174572
1588.243357538573,59023.848,8.175635
1588.2637920357229,59038.92,8.173724
1588.2842264328792,59022.727,8.174431
1588.3046608300938,59028.293,8.1750555
1588.3250952272501,59040.87,8.175913
1588.3455296244574,59035.332,8.174593
1588.3659640216138,59038.22,8.17723
1588.386398418821,59041.523,8.177521
1588.4068328160356,59052.01,8.175523
1588.427267213192,59018.926,8.17698
1588.4477017104,59034.383,8.175797
1588.4681360076138,59056.875,8.17707
1588.488570504829,59037.188,8.175223
1588.5090048020356,59045.293,8.177965
1588.529439199192,59031.332,8.175799
1588.5498736964073,59051.594,8.17641
1588.570307993621,59038.51,8.174507
1588.5907423908284,59046.12,8.17585
1588.6111768880437,59029.875,8.175587
1588.6316111852502,59047.44,8.176537
1588.6520456825237,59052.977,8.178306
1588.6724800797383,59039.496,8.176671
1588.692914376952,59055.16,8.179052
1588.7133488741601,59036.24,8.176562
1588.733783271433,59039.406,8.173464
1588.7542175686394,59047.824,8.179594
1588.7746520658548,59040.75,8.17882
1588.7950864630693,59034.8,8.175936
1588.8155208602766,59043.06,8.177007
1588.8359552575494,59047.977,8.177911
1588.856389654764,59043.234,8.176303
1588.8768241520302,59042.023,8.177037
1588.897258449244,59053.855,8.17719
1588.9176928464585,59044.496,8.175947
1588.9381273437248,59040.797,8.173663
1588.9585617409393,59043.92,8.173875
1588.9789960381531,59025.26,8.174333
1588.9994305354194,59051.9,8.176913
1589.019864932634,59047.406,8.177235
1589.0402992298477,59041.285,8.174328
1589.060733727114,59040.1,8.174988
1589.0811681243285,59048.617,8.175731
1589.1016026215366,59044.25,8.174661
1589.1220369188086,59032.168,8.172431
1589.1424713160231,59041.49,8.173778
1589.1629057132377,59052.594,8.175898
1589.1833401105032,59048.332,8.177585
1589.203774407717,59072.844,8.175666
1589.2242089049323,59028.945,8.173214
1589.2446433021978,59037.87,8.172635
1589.2650777994131,59045.45,8.168031
1589.285512096627,59034.957,8.175431
1589.3059464938342,59044.203,8.175618
1589.3263809910495,59045.02,8.171474
1589.3468152882633,59035.273,8.17332
1589.3672496855288,59043.902,8.175172
1589.3876841827441,59028.453,8.173079
1589.408118479958,59048.535,8.171536
1589.4285528771652,59036.695,8.170408
1589.4489873743805,59056.188,8.170578
1589.4694217715878,59043.5,8.171092
1589.4898561688024,59046.707,8.17297
1589.510290566017,59054.375,8.170051
1589.5307249632315,59032.043,8.168368
1589.5511593604388,59041.1,8.168817
1589.571593757595,59039.574,8.1723
1589.5920281548024,59032.06,8.166455
1589.6124626520177,59056.15,8.16664
1589.6328969491733,59043.74,8.17299
1589.6533313463879,59042.03,8.168716
1589.673765843596,59032.777,8.167115
1589.6942001407515,59044.082,8.166517
1589.7146346379595,59045.344,8.160436
1589.7350690351159,59023.457,8.165661
1589.7555033322715,59043.395,8.165024
1589.7759378294795,59059.082,8.166355
1589.7963722266359,59044.01,8.16478
1589.8168065237915,59041.402,8.165401
1589.8576753180969,59041.863,8.164955
1589.878109815254,59037.504,8.159614
1589.898544212403,59040.082,8.161307
1589.9189785095587,59045.45,8.167652
1589.9394130067158,59032.95,8.159304
1589.9598474038066,59049.45,8.163758
1589.9802817009622,59044.15,8.1666
1590.0007161981193,59026.883,8.159884
1590.0211505952102,59049.72,8.161448
1590.0415849923083,59062.195,8.168738
1590.0620193894647,59050.094,8.161765
1590.0824537865556,59025.113,8.154821
1590.1028882836545,59042.496,8.157595
1590.1233225807518,59042.895,8.168226
1590.1437569778427,59033.586,8.155087
1590.1641914749416,59044.43,8.157658
1590.1846258720398,59053.8,8.158821
1590.2050601691299,59059.65,8.163724
1590.2254946661706,59045.664,8.158919
1590.2459290632687,59045.668,8.160559
1590.2663633603006,59035.59,8.157731
1590.2867978573995,59036.586,8.159419
1590.3072322544322,59043.18,8.16014
1590.3276667514729,59039.62,8.151487
1590.348101048512,59035.99,8.16187
1590.368535445552,59039.473,8.1587305
1590.3889699425854,59052.24,8.15741
1590.4094042396246,59052.344,8.1567745
1590.429838636599,59040.01,8.156566
1590.450273033639,59052.77,8.155068
1590.4707074306207,59040.094,8.159464
1590.491141927654,59049.055,8.154589
1590.511576224635,59039.94,8.155986
1590.5320106216168,59037.258,8.159796
1590.552445118592,59035.12,8.157174
1590.572879415573,59038.902,8.155659
1590.5933138124965,59044.836,8.158071
1590.6137483094717,59046.82,8.1566925
1590.6341826064527,59032.418,8.156627
1590.6546170033762,59041.707,8.160719
1590.6750515002932,59033.66,8.161393
1590.6954858972167,59044.484,8.156626
1590.7159202941402,59034.22,8.158119
1590.7363546910565,59050.83,8.153279
1590.75678908798,59035.09,8.151525
1590.7772234848453,59057.31,8.155149
1590.7976578817616,59026.625,8.156487
1590.8180922786269,59052.31,8.154647
1590.838526775493,59050.49,8.150522
1590.8589610723502,59031.918,8.147481
1590.8793954692155,59036.395,8.151672
1590.8998299660816,59050.867,8.159182
1590.9202642628807,59044.66,8.152746
1590.9406987597467,59042.863,8.157147
1590.9611331565538,59039.293,8.157288
1590.981567453353,59027.98,8.146228
1591.002001950219,59044.867,8.153371
